,rank,title,points,counries,days,isoriginal,show_id,type,director,cast,country,date_added,release_year,rating,duration,listed_in,description
0,1,Squid Game,"57,980",90,104,YES,s34,TV Show,,"Lee Jung-jae, Park Hae-soo, Wi Ha-jun, Oh Young-soo, Jung Ho-yeon, Heo Sung-tae, Kim Joo-ryoung, Tripathi Anupam, You Seong-joo, Lee You-mi",,"September 17, 2021",2021,Adults,1 Season,"International TV Shows, TV Dramas, TV Thrillers","Hundreds of cash-strapped players accept a strange invitation to compete in children's games. Inside, a tempting prize awaits — with deadly high stakes."
1,3,Lupin,"42,690",83,256,YES,s735,TV Show,,"Omar Sy, Ludivine Sagnier, Clotilde Hesme, Nicole Garcia, Hervé Pierre, Soufiane Guerrab, Antoine Gouy, Fargass Assandé, Vincent Londez, Shirine Boutella","France, United States","June 11, 2021",2021,Adults,2 Seasons,"Crime TV Shows, International TV Shows, TV Action & Adventure","Inspired by the adventures of Arsène Lupin, gentleman thief Assane Diop sets out to avenge his father for an injustice inflicted by a wealthy family."
2,4,Sex/Life,"34,609",82,141,YES,s639,TV Show,,"Sarah Shahi, Mike Vogel, Adam Demos, Margaret Odette",United States,"June 25, 2021",2021,Adults,1 Season,"Romantic TV Shows, TV Dramas",A woman's daring sexual past collides with her married-with-kids present when the bad-boy ex she can't stop fantasizing about crashes back into her life.
3,5,Bridgerton,"33,973",82,146,YES,s1493,TV Show,,"Adjoa Andoh, Julie Andrews, Lorraine Ashbourne, Jonathan Bailey, Ruby Barker, Sabrina Bartlett, Harriet Cains, Bessie Carter, Nicola Coughlan, Phoebe Dynevor, Ruth Gemmell, Florence Hunt, Claudia Jessie, Ben Miller, Luke Newton, Regé-Jean Page, Golda Rosheuvel, Luke Thompson, Will Tilston, Polly Walker",United States,"December 25, 2020",2020,Adults,1 Season,"Romantic TV Shows, TV Dramas",The eight close-knit siblings of the Bridgerton family look for love and happiness in London high society. Inspired by Julia Quinn's bestselling novels.
4,7,Lucifer,"32,230",80,212,YES,s83,TV Show,,"Tom Ellis, Lauren German, Kevin Alejandro, D.B. Woodside, Lesley-Ann Brandt, Scarlett Estevez, Rachael Harris, Aimee Garcia, Tricia Helfer, Tom Welling, Jeremiah W. Birkett, Pej Vahdat, Michael Gladis",United States,"September 10, 2021",2021,Teens,6 Seasons,"Crime TV Shows, TV Comedies, TV Dramas","Bored with being the Lord of Hell, the devil relocates to Los Angeles, where he opens a nightclub and forms a connection with a homicide detective."
5,8,Who Killed Sara?,"30,363",79,88,YES,s870,TV Show,,"Manolo Cardona, Ginés García Millán, Carolina Miranda, Alejandro Nones, Claudia Ramírez, Eugenio Siller, Juan Carlos Remolina, Ximena Lamadrid, Luis Roberto Guzmán, Leo Deluglio, Héctor Jiménez, Ana Lucía Domínguez, Iñaki Godoy, Polo Morín, Andrés Baida, Fátima Molina, Marco Zapata",Mexico,"May 19, 2021",2021,Adults,2 Seasons,"Crime TV Shows, International TV Shows, Spanish-Language TV Shows","Hell-bent on exacting revenge and proving he was framed for his sister's murder, Álex sets out to unearth much more than the crime's real culprit."
6,11,Ginny & Georgia,"28,496",78,112,YES,s1276,TV Show,,"Brianne Howey, Antonia Gentry, Diesel La Torraca, Jennifer Robertson, Felix Mallard, Sara Waisglass, Scott Porter, Raymond Ablack",United States,"February 24, 2021",2021,Teens,1 Season,"Romantic TV Shows, TV Comedies, TV Dramas","Free-spirited Georgia and her two kids, Ginny and Austin, move north in search of a fresh start but find that the road to new beginnings can be bumpy."
7,13,You,"23,940",90,87,YES,s3097,TV Show,Lee Toland Krieger,"Penn Badgley, Elizabeth Lail, Shay Mitchell, John Stamos, Luca Padovan, Zach Cherry",United States,"December 26, 2019",2019,Adults,2 Seasons,"Crime TV Shows, Romantic TV Shows, TV Dramas","Obsessed with an aspiring writer, a charming bookstore manager goes to extreme measures to insert himself into her life."
8,15,Vincenzo,"20,307",56,308,YES,s1286,TV Show,,"Song Joong-ki, Jeon Yeo-been, Ok Taec-yeon, Yoo Jae-myung, Kim Yeo-jin, Kwak Dong-yeon, Cho Han-cheul",South Korea,"February 21, 2021",2021,Teens,1 Season,"International TV Shows, TV Comedies, TV Dramas","During a visit to his motherland, a Korean-Italian mafia lawyer gives an unrivaled conglomerate a taste of its own medicine with a side of justice."
9,17,Sex Education,"19,667",83,98,YES,s33,TV Show,,"Asa Butterfield, Gillian Anderson, Ncuti Gatwa, Emma Mackey, Connor Swindells, Kedar Williams-Stirling, Alistair Petrie",United Kingdom,"September 17, 2021",2020,Adults,3 Seasons,"British TV Shows, International TV Shows, TV Comedies","Insecure Otis has all the answers when it comes to sex advice, thanks to his therapist mom. So rebel Maeve proposes a school sex-therapy clinic."
10,18,Riverdale,"18,915",60,226,No,s677,TV Show,Rob Seidenglanz,"K.J. Apa, Lili Reinhart, Camila Mendes, Cole Sprouse, Marisol Nichols, Madelaine Petsch, Ashleigh Murray, Mädchen Amick, Luke Perry, Casey Cott, Charles Melton, Mark Consuelos, Lochlyn Munro, Peter Bryant, Colin Lawrence, Molly Ringwald, Asha Bromfield, Barclay Hope, Hayley Law, Martin Cummins, Sarah Habel, Nathalie Boltt, Skeet Ulrich",United States,"June 19, 2021",2019,Teens,4 Seasons,"Crime TV Shows, TV Dramas, TV Mysteries","While navigating the troubled waters of sex, romance, school and family, teen Archie and his gang become entangled in a dark Riverdale mystery."
11,20,Behind Her Eyes,"17,409",80,73,YES,s1302,TV Show,,"Simona Brown, Eve Hewson, Tom Bateman, Robert Aramayo, Tyler Howitt, Georgie Glen",United Kingdom,"February 17, 2021",2021,Adults,1 Season,"British TV Shows, International TV Shows, TV Dramas",A single mother enters a world of twisted mind games when she begins an affair with her psychiatrist boss while secretly befriending his mysterious wife.
12,22,Friends,"16,539",41,359,No,s6807,TV Show,,"Jennifer Aniston, Courteney Cox, Lisa Kudrow, Matt LeBlanc, Matthew Perry, David Schwimmer",United States,,2003,Teens,10 Seasons,"Classic & Cult TV, TV Comedies","This hit sitcom follows the merry misadventures of six 20-something pals as they navigate the pitfalls of work, life and love in 1990s Manhattan."
13,23,Shadow and Bone,"16,403",82,55,YES,s994,TV Show,,"Jessie Mei Li, Archie Renaux, Ben Barnes, Freddy Carter, Amita Suman, Kit Young, Danielle Galligan, Calahan Skogman, Sujaya Dasgupta, Simon Sears, Daisy Head, Zoë Wanamaker, Luke Pasqualino, Julian Kostov",United States,"April 23, 2021",2021,Teens,1 Season,"TV Action & Adventure, TV Dramas, TV Sci-Fi & Fantasy",Dark forces conspire against orphan mapmaker Alina Starkov when she unleashes an extraordinary power that could change the fate of her war-torn world.
14,24,Snowpiercer,"15,699",74,98,YES,s556,Movie,Bong Joon Ho,"Chris Evans, Song Kang-ho, Ed Harris, John Hurt, Tilda Swinton, Jamie Bell, Octavia Spencer, Ewen Bremner, Alison Pill, Adnan Haskovic, Vlad Ivanov, Ko A-sung, Luke Pasqualino","South Korea, Czech Republic","July 2, 2021",2013,Adults,126 min,"Action & Adventure, Cult Movies, International Movies",The Earth's remaining inhabitants are confined to a single train circling the globe as revolution brews among the class-divided cars.
15,25,Sweet Tooth,"15,457",82,40,YES,s764,TV Show,,"Nonso Anozie, Christian Convery, Adeel Akhtar, Stefania LaVie Owen, Dania Ramirez, Aliza Vellani, Will Forte, James Brolin, Neil Sandilands, Mia Artemis",United States,"June 4, 2021",2021,Teens,1 Season,"TV Action & Adventure, TV Dramas, TV Sci-Fi & Fantasy","On a perilous adventure across a post-apocalyptic world, a lovable boy who's half-human and half-deer searches for a new beginning with a gruff protector."
16,26,Hometown Cha-Cha-Cha,"15,210",52,124,YES,s187,TV Show,,"Shin Min-a, Kim Seon-ho, Lee Sang-yi, Gong Min-jeung, Kim Young-ok, Cho Han-cheul, In Gyo-jin, Lee Bong-ryeon, Cha Cheong-hwa, Kang Hyung-suk",,"August 29, 2021",2021,Teens,1 Season,"International TV Shows, Romantic TV Shows, TV Comedies","A big-city dentist opens up a practice in a close-knit seaside village, home to a charming jack-of-all-trades who is her polar opposite in every way."
17,28,Firefly Lane,"14,682",77,44,YES,s1349,TV Show,,"Katherine Heigl, Sarah Chalke, Ben Lawson, Beau Garrett, Ali Skovbye, Roan Curtis, Yael Yurman, Jon-Michael Ecker, Brandon Jay McLaren, Paul McGillion, Chelah Horsdal, Brendan Taylor",United States,"February 3, 2021",2021,Adults,1 Season,"Romantic TV Shows, TV Dramas",Best friends Tully and Kate support each other through good times and bad with an unbreakable bond that carries them from their teens to their 40s.
18,29,Elite,"14,208",77,75,YES,s685,TV Show,,"Danna Paola, Miguel Herrán, María Pedraza, Itzan Escamilla, Miguel Bernardeau, Jaime Lorente, Álvaro Rico, Arón Piper, Mina El Hammani, Ester Expósito, Omar Ayuso",Spain,"June 18, 2021",2021,Adults,4 Seasons,"Crime TV Shows, International TV Shows, Spanish-Language TV Shows","When three working-class teens enroll in an exclusive private school in Spain, the clash between them and the wealthy students leads to murder."
19,30,Outer Banks,"14,109",72,46,YES,s371,TV Show,,"Chase Stokes, Madelyn Cline, Madison Bailey, Jonathan Daviss, Rudy Pankow, Charles Esten, Adina Porter, Austin North, Drew Starkey",United States,"July 30, 2021",2021,Adults,2 Seasons,"TV Action & Adventure, TV Dramas, Teen TV Shows","On an island of haves and have-nots, teen John B enlists his three best friends to hunt for a legendary treasure linked to his father's disappearance."
20,31,The Witcher,"14,055",89,236,YES,s3118,TV Show,,"Henry Cavill, Anya Chalotra, Freya Allan, Jodhi May, MyAnna Buring, Joey Batey, Eamon Farren, Mimi Ndiweni, Björn Hlynur Haraldsson, Adam Levy, Lars Mikkelsen, Royce Pierreson, Wilson Radjou-Pujalte, Anna Shaffer","United States, Poland","December 20, 2019",2019,Adults,1 Season,"International TV Shows, TV Action & Adventure, TV Dramas","Geralt of Rivia, a mutated monster-hunter for hire, journeys toward his destiny in a turbulent world where people often prove more wicked than beasts."
21,33,Sexify,"12,865",78,50,YES,s969,TV Show,,"Aleksandra Skraba, Maria Sobocińska, Sandra Drzymalska, Piotr Pacek, Kamil Wodka, Jan Wieteska, Wojciech Solarz",Poland,"April 28, 2021",2021,Adults,1 Season,"International TV Shows, TV Comedies, TV Dramas","To build an innovative sex app and win a tech competition, a sexually inexperienced student and her friends must explore the daunting world of intimacy."
22,34,Fate: The Winx Saga,"12,570",82,40,YES,s1059,TV Show,,"Abigail Cowen, Hannah Van Der Westhuysen, Precious Mustapha, Eliot Salt, Elisha Applebaum, Danny Griffin, Sadie Soverall, Freddie Thorp, Rob James-Collier, Eve Best, Lesley Sharp","Italy, United Kingdom","April 14, 2021",2021,Adults,1 Season,"British TV Shows, International TV Shows, TV Dramas","Determined to master their enchanting powers, a group of teens navigate rivalry, romance and supernatural studies at Alfea, a magical boarding school."
23,35,The Blacklist,"12,054",57,333,No,s1981,TV Show,,"James Spader, Megan Boone, Diego Klattenhoff, Ryan Eggold, Harry Lennix, Amir Arison, Hisham Tawfiq, Mozhan Marnò",United States,"September 18, 2020",2019,Teens,7 Seasons,"Crime TV Shows, TV Dramas, TV Thrillers","After turning himself in, a brilliant fugitive offers to help the FBI bag other baddies, but only if rookie profiler Elizabeth Keen is his partner."
24,36,Clickbait,"12,010",80,43,YES,s223,TV Show,Brad Anderson,"Zoe Kazan, Betty Gabriel, Adrian Grenier, Phoenix Raei, Abraham Lim, Jessica Collins, Camaron Engels, Jaylin Fletcher, Liz Alexander, Joyce Guy, Daniel Henshall, Ian Meadows, Jamie Timony, Steve Mouzakis, Becca Lish",,"August 25, 2021",2021,Adults,1 Season,"Crime TV Shows, TV Dramas, TV Mysteries","When family man Nick Brewer is abducted in a crime with a sinister online twist, those closest to him race to uncover who is behind it and why."
25,38,Too Hot to Handle,"11,584",74,67,YES,s649,TV Show,,Desiree Burch,United States,"June 23, 2021",2021,Adults,2 Seasons,"Reality TV, Romantic TV Shows","On the shores of paradise, gorgeous singles meet and mingle. But there’s a twist. To win a $100,000 grand prize, they’ll have to give up sex."
26,39,Dynasty,"11,091",78,137,YES,s2474,TV Show,,"Elizabeth Gillies, Nathalie Kelley, Grant Show, James Mackay, Rafael De La Fuente, Alan Dale, Sam Adegoke, Robert Christopher Riley",United States,"May 23, 2020",2019,Teens,3 Seasons,TV Dramas,The Carringtons and the Colbys feud for control over their fortune – and their children – in this updated reboot of the classic prime-time soap.
27,40,Never Have I Ever,"11,035",79,48,YES,s460,TV Show,,"Maitreyi Ramakrishnan, Poorna Jagannathan, Richa Moorjani, Jaren Lewison, Darren Barnet, John McEnroe, Ramona Young, Lee Rodriguez, Sendhil Ramamurthy, Adam Shapiro, Niecy Nash, Cocoa Brown, Lily D. Moore, Eddie Liu",United States,"July 15, 2021",2021,Teens,2 Seasons,"TV Comedies, TV Dramas, Teen TV Shows","After a traumatic year, all an Indian-American teen wants is to go from pariah to popular — but friends, family and feelings won’t make it easy on her."
28,41,Virgin River,"10,939",75,62,YES,s489,TV Show,,"Alexandra Breckenridge, Martin Henderson, Tim Matheson, Annette O'Toole, Colin Lawrence, Jenny Cooper, Lauren Hammersley",United States,"July 9, 2021",2021,Teens,3 Seasons,"Romantic TV Shows, TV Dramas","Searching for a fresh start, a nurse practitioner moves from LA to a remote northern California town and is surprised by what – and who – she finds."
29,42,Jupiter's Legacy,"10,782",81,26,YES,s909,TV Show,,"Josh Duhamel, Ben Daniels, Leslie Bibb, Andrew Horton, Elena Kampouris, Matt Lanter, Mike Wade, Tenika Davis, Ian Quinlan, David Julian Hirsh, Tyler Mane",United States,"May 7, 2021",2021,Adults,1 Season,"TV Action & Adventure, TV Sci-Fi & Fantasy","They're the first generation of superheroes. But as they pass the torch to their children, tensions are rising — and the old rules no longer apply."
30,44,The Queen of Flow,"10,485",28,172,YES,s4407,TV Show,,"Carolina Ramírez, Carlos Torres, Andrés Sandoval, Adriana Arango, Mabel Moreno, Luis Alfredo Velasco, Pacho Rueda, Diana Wiswell, Mariana Garzón, Kiño, Sebastián Silva, Mariana Gómez, María José Vargas, Guillermo Blanco, Juan Manuel Restrepo, Alejandro Otero, David Ojalvo",Colombia,"November 9, 2018",2018,Adults,1 Season,"Crime TV Shows, International TV Shows, Spanish-Language TV Shows","Seventeen years after being wrongly imprisoned, a talented songwriter seeks justice against the men who caused her downfall and killed her family."
31,46,The Queen's Gambit,"10,317",76,198,YES,s1805,TV Show,,"Anya Taylor-Joy, Bill Camp, Marielle Heller, Thomas Brodie-Sangster, Moses Ingram, Harry Melling, Isla Johnston, Christiane Seidel, Rebecca Root, Chloe Pirrie, Jacob Fortune-Lloyd",United States,"October 23, 2020",2020,Adults,1 Season,TV Dramas,"In a 1950s orphanage, a young girl reveals an astonishing talent for chess and begins an unlikely journey to stardom while grappling with addiction."
32,47,Hit & Run,"10,271",79,49,YES,s297,TV Show,,"Lior Raz, Kaelen Ohm, Sanaa Lathan, Moran Rosenblatt, Lior Ashkenazi, Gregg Henry, Gal Toren","Israel, United States","August 6, 2021",2021,Adults,1 Season,"TV Action & Adventure, TV Dramas, TV Mysteries",A man searching for the truth behind his wife's death becomes caught up in a dangerous web of secrets and intrigue stretching from New York to Tel Aviv.
33,51,Narcos: Mexico,"9,134",81,47,YES,s2922,TV Show,,"Michael Peña, Diego Luna, Tenoch Huerta, Joaquin Cosio, José María Yazpik, Matt Letscher, Alyssa Diaz","Mexico, United States","February 13, 2020",2020,Adults,2 Seasons,"Crime TV Shows, TV Action & Adventure, TV Dramas","Witness the birth of the Mexican drug war in the 1980s as a gritty new ""Narcos"" saga chronicles the true story of the Guadalajara cartel's ascent."
34,52,The Irregulars,"8,959",82,35,YES,s1167,TV Show,,"Mckell David, Thaddea Graham, Jojo Macari, Harrison Osterfield, Darci Shaw, Clarke Peters, Royce Pierreson, Henry Lloyd-Hughes",United Kingdom,"March 26, 2021",2021,Teens,1 Season,"British TV Shows, Crime TV Shows, International TV Shows","A crew of misfits investigates a series of supernatural crimes in Victorian London for Dr. Watson and his shadowy associate, Sherlock Holmes."
35,54,Lost in Space,"8,837",87,29,YES,s3107,TV Show,,"Molly Parker, Toby Stephens, Max Jenkins, Taylor Russell, Mina Sundwall, Parker Posey, Ignacio Serricchio",United States,"December 24, 2019",2019,Older Kids,2 Seasons,"TV Action & Adventure, TV Dramas, TV Sci-Fi & Fantasy","After crash-landing on an alien planet, the Robinson family fights against all odds to survive and escape. But they're surrounded by hidden dangers."
36,55,Cobra Kai,"8,830",77,59,YES,s1449,TV Show,,"Ralph Macchio, William Zabka, Xolo Maridueña, Martin Kove, Mary Mouser, Tanner Buchanan, Courtney Henggeler, Jacob Bertrand",United States,"January 1, 2021",2021,Teens,3 Seasons,"TV Action & Adventure, TV Comedies, TV Dramas","Decades after the tournament that changed their lives, the rivalry between Johnny and Daniel reignites in this sequel to the ""Karate Kid"" films."
37,56,Good Girls,"8,542",72,71,YES,s1307,TV Show,,"Christina Hendricks, Retta, Mae Whitman, Matthew Lillard, Reno Wilson, Manny Montana, Lidya Jewett, Izzy Stannard, David Hornsby, Zach Gilford",United States,"February 16, 2021",2020,Adults,3 Seasons,"Crime TV Shows, TV Comedies, TV Dramas",Three suburban moms orchestrate a local grocery store heist to escape financial ruin and establish independence – together.
38,60,The Snitch Cartel: Origins,"7,815",16,86,YES,s382,TV Show,,"Juan Pablo Urrego, Sebastián Osorio, Patricia Tamayo, Verónica Velásquez, María Camila Zárate, Nicole Santamaría, Eduardo Pérez, Julian Farrieta, Gustavo Angarita Jr., Carlos Manuel Vesga, Helena Mallarino, David Prada, Margarita Reyes, Adriana Silva, Laura Rodríguez, Angélica Blandón, Maia Landaburu, Jesús de los Ríos",,"July 28, 2021",2021,Adults,1 Season,"Crime TV Shows, International TV Shows, Spanish-Language TV Shows","Over four decades, two brothers in Cali juggle family duties, multiple romances and illegal businesses, transforming from poor kids to cocaine kingpins."
39,62,The Circle,"7,708",55,74,YES,s96,TV Show,,Michelle Buteau,"United States, United Kingdom","September 8, 2021",2021,Adults,3 Seasons,Reality TV,"Status and strategy collide in this social experiment and competition show where online players flirt, befriend and catfish their way toward $100,000."
40,63,Locke & Key,"7,584",84,45,YES,s2942,TV Show,,"Darby Stanchfield, Connor Jessup, Emilia Jones, Jackson Robert Scott, Petrice Jones, Laysla De Oliveira, Griffin Gluck, Sherri Saum, Aaron Ashmore, Bill Heck, Genevieve Kang, Kevin Alves, Thomas Mitchell Barnet, Eric Graise, Felix Mallard, Martin Roach, Steven Williams, Coby Bird","Canada, United States","February 7, 2020",2020,Teens,1 Season,"TV Action & Adventure, TV Dramas, TV Mysteries","After their dad's murder, three siblings move with their mom to his ancestral estate, where they discover magical keys that unlock powers — and secrets."
41,65,Ragnarok,"7,540",79,42,YES,s838,TV Show,,"David Stakston, Jonas Strand Gravli, Herman Tømmeraas, Theresa Frostad Eggesbø, Emma Bones, Henriette Steenstrup, Gísli Örn Garðarsson, Synnøve Macody Lund, Ylva Thedin Bjørkaas, Odd-Magnus Williamson","Norway, Denmark","May 27, 2021",2021,Adults,2 Seasons,"International TV Shows, TV Action & Adventure, TV Dramas","In a Norwegian town poisoned by pollution and rattled by melting glaciers, the End Times feel all too real. It’ll take a legend to battle an old evil."
42,68,Hospital Playlist,"7,105",16,227,YES,s687,TV Show,,"Cho Jung-seok, Yoo Yeon-seok, Jung Kyung-ho, Kim Dae-myeong, Jeon Mi-do, Kim Hae-suk, Kim Kap-soo, Jung Moon-sung",South Korea,"June 18, 2021",2021,Teens,2 Seasons,"International TV Shows, Korean TV Shows, TV Comedies","Every day is extraordinary for five doctors and their patients inside a hospital, where birth, death and everything in between coexist."
43,69,The Cook of Castamar,"7,006",66,133,YES,s488,TV Show,,"Michelle Jenner, Roberto Enríquez, Hugo Silva, Maxi Iglesias, María Hervás, Agnès Llobet, Paula Usero, Jean Cruz, Óscar Rabadán, Fiorella Faltoyano, Nancho Novo, Silvia Abascal, Mónica López",,"July 9, 2021",2021,Adults,1 Season,"International TV Shows, Romantic TV Shows, Spanish-Language TV Shows","In 1720 Madrid, a talented cook catches the eye of a widowed duke just as he returns to aristocratic society. Based on the novel by Fernando J. Múñez."
44,70,The Cook of Castamar,"7,006",66,133,YES,s488,TV Show,,"Michelle Jenner, Roberto Enríquez, Hugo Silva, Maxi Iglesias, María Hervás, Agnès Llobet, Paula Usero, Jean Cruz, Óscar Rabadán, Fiorella Faltoyano, Nancho Novo, Silvia Abascal, Mónica López",,"July 9, 2021",2021,Adults,1 Season,"International TV Shows, Romantic TV Shows, Spanish-Language TV Shows","In 1720 Madrid, a talented cook catches the eye of a widowed duke just as he returns to aristocratic society. Based on the novel by Fernando J. Múñez."
45,71,Demon Slayer: Kimetsu no Yaiba,"6,866",63,259,No,s1386,TV Show,,"Natsuki Hanae, Akari Kito, Hiro Shimono, Yoshitsugu Matsuoka, Takahiro Sakurai, Hochu Otsuka, Yuki Kaji, Ai Kakuma, Nobuhiko Okamoto, Toshiyuki Morikawa, Aoi Yuki, Shiori Izawa, Daisuke Namikawa, Takumi Yamazaki, Hikaru Midorikawa, Takehito Koyasu",Japan,"January 22, 2021",2019,Teens,1 Season,"Anime Series, International TV Shows","After a demon attack leaves his family slain and his sister cursed, Tanjiro embarks upon a perilous journey to find a cure and avenge those he's lost."
46,72,The One,"6,824",71,36,YES,s1218,TV Show,,"Hannah Ware, Zoë Tapper, Dimitri Leonidas, Amir El-Masry, Lois Chimimba, Eric Kofi-Abrefa, Pallavi Sharda, Jana Pérez, Diarmaid Murtagh, Gregg Chillin, Wilf Scolding, Stephen Campbell Moore, Simone Kirby, Albano Jerónimo, Eduardo Lloveras, Miguel Amorim",United Kingdom,"March 12, 2021",2021,Adults,1 Season,"British TV Shows, Crime TV Shows, International TV Shows","Love — and lies — spiral when a DNA researcher helps discover a way to find the perfect partner, and creates a bold new matchmaking service."
47,73,Emily in Paris,"6,735",90,25,YES,s1895,TV Show,,"Lily Collins, Philippine Leroy-Beaulieu, Ashley Park, Lucas Bravo, Kate Walsh, Samuel Arnold, Bruno Gouery, Camille Razat",United States,"October 2, 2020",2020,Adults,1 Season,"Romantic TV Shows, TV Comedies, TV Dramas","After landing her dream job in Paris, Chicago marketing exec Emily Cooper embraces her adventurous new life while juggling work, friends and romance."
48,74,Sky Rojo,"6,472",61,78,YES,s402,TV Show,,"Verónica Sánchez, Miguel Ángel Silvestre, Asier Etxeandia, Lali Espósito, Yany Prado, Enric Auquer, Luis Zahera, Carmen Santamaría, Cecilia Gómez, Godeliv Van den Brandt, Penélope Guerrero, Luisa Vides, Niko Verona, Chema Ruiz",Spain,"July 23, 2021",2021,Adults,2 Seasons,"International TV Shows, Spanish-Language TV Shows, TV Action & Adventure",A fatal turn of events at a brothel sends three women haunted by their pasts on a wild run from their pimp and his henchmen.
49,75,Alice in Borderland,"6,458",70,62,YES,s1563,TV Show,,"Kento Yamazaki, Tao Tsuchiya, Nijiro Murakami, Yuki Morinaga, Keita Machida, Ayaka Miyoshi, Dori Sakurada, Aya Asahina, Shuntaro Yanagi, Yutaro Watanabe, Ayame Misaki, Mizuki Yoshida, Tsuyoshi Abe, Nobuaki Kaneko, Sho Aoyagi, Riisa Naka",Japan,"December 10, 2020",2020,Adults,1 Season,"International TV Shows, TV Action & Adventure, TV Mysteries","An aimless gamer and his two friends find themselves in a parallel Tokyo, where they're forced to compete in a series of sadistic games to survive."
50,76,Crime Scene: The Vanishing at the Cecil Hotel,"6,240",79,21,YES,s1329,TV Show,Joe Berlinger,,United States,"February 10, 2021",2021,Adults,1 Season,"Crime TV Shows, Docuseries","The notorious Cecil Hotel grows in infamy when guest Elisa Lam vanishes. From the creator of ""The Ted Bundy Tapes,"" a dive into crime's darkest places."
51,77,StartUp,"5,978",62,59,No,s922,TV Show,,"Adam Brody, Edi Gathegi, Otmara Marrero, Martin Freeman, Ron Perlman, Addison Timlin, Mira Sorvino",United States,"May 4, 2021",2018,Adults,3 Seasons,"Crime TV Shows, TV Dramas",An attempt to launder stolen money finances a cryptocurrency that puts entrepreneurs in business with a corrupt FBI agent and a Miami gang.
52,78,Turning Point: 9/11 and the War on Terror,"5,915",70,25,YES,s182,TV Show,,,,"September 1, 2021",2021,Teens,1 Season,Docuseries,"This unflinching series documents the 9/11 terrorist attacks, from Al Qaeda's roots in the 1980s to America's response, both at home and abroad."
53,80,Formula 1: Drive to Survive,"5,818",70,49,YES,s1183,TV Show,,,United Kingdom,"March 19, 2021",2021,Adults,3 Seasons,Docuseries,"Drivers, managers and team owners live life in the fast lane – both on and off the track – during one cutthroat season of Formula 1 racing."
54,82,Chilling Adventures of Sabrina,"5,664",76,21,YES,s1474,TV Show,,"Kiernan Shipka, Ross Lynch, Miranda Otto, Lucy Davis, Chance Perdomo, Michelle Gomez, Richard Coyle, Jaz Sinclair, Lachlan Watson, Tati Gabrielle, Adeline Rudolph, Abigail Cowen, Gavin Leatherwood, Bronson Pinchot",United States,"December 31, 2020",2020,Teens,4 Seasons,"TV Horror, TV Mysteries, TV Sci-Fi & Fantasy","Magic and mischief collide as half-human, half-witch Sabrina navigates between two worlds: mortal teen life and her family's legacy, the Church of Night."
55,84,The Crown,"5,607",53,145,YES,s1699,TV Show,,"Claire Foy, John Lithgow, Matt Smith, Vanessa Kirby, Jared Harris, Victoria Hamilton, Eileen Atkins, Jeremy Northam, Alex Jennings, Ben Miles, Pip Torrens, Will Keen, Harry Hadden-Paton, Daniel Ings, Greg Wise, Harriet Walter, Lia Williams, Matthew Goode, Anton Lesser","United Kingdom, United States","November 15, 2020",2020,Adults,4 Seasons,"British TV Shows, International TV Shows, TV Dramas",This drama follows the political rivalries and romance of Queen Elizabeth II's reign and the events that shaped the second half of the 20th century.
56,86,AlRawabi School for Girls,"5,259",36,62,YES,s278,TV Show,,"Andria Tayeh, Rakeen Sa'ad, Noor Taher, Yara Mustafa, Joanna Arida, Salsabiela, Nadera Emran, Reem Saadeh",Jordan,"August 12, 2021",2021,Teens,1 Season,"International TV Shows, TV Dramas, Teen TV Shows",The bullied outcasts at prestigious Al Rawabi School for Girls plot a series of risky takedowns to get back at their tormentors.
57,88,Gabby's Dollhouse,"5,208",53,202,YES,s287,TV Show,,"Laila Lockhart Kraner, Tucker Chandler, Juliet Donenfeld, Maggi Lowe, Donovan Patton, Eduardo Franco, Tara Strong, Secunda Wood, Carla Tassara, Sainty Nelsen",United States,"August 10, 2021",2021,Kids,2 Seasons,Kids' TV,"Cute cats, quirky crafts and colorful magic! Join kitty enthusiast Gabby and her sidekick Pandy Paws as they team up for a series of animated adventures."
58,93,Midnight Mass,"4,860",79,31,YES,s6,TV Show,Mike Flanagan,"Kate Siegel, Zach Gilford, Hamish Linklater, Henry Thomas, Kristin Lehman, Samantha Sloyan, Igby Rigney, Rahul Kohli, Annarah Cymone, Annabeth Gish, Alex Essoe, Rahul Abburi, Matt Biedel, Michael Trucco, Crystal Balint, Louis Oliver",,"September 24, 2021",2021,Adults,1 Season,"TV Dramas, TV Horror, TV Mysteries","The arrival of a charismatic young priest brings glorious miracles, ominous mysteries and renewed religious fervor to a dying town desperate to believe."
59,94,The 100,"4,783",49,177,No,s1879,TV Show,,"Eliza Taylor, Paige Turco, Bob Morley, Marie Avgeropoulos, Christopher Larkin, Henry Ian Cusick, Isaiah Washington, Lindsey Morgan, Devon Bostick, Richard Harmon, Ricky Whittle, Jarod Joseph, Chelsey Reist, Sachin Sahel, Adina Porter","United States, Canada","October 8, 2020",2020,Adults,7 Seasons,"TV Action & Adventure, TV Dramas, TV Sci-Fi & Fantasy","A century after Earth was devastated by a nuclear apocalypse, 100 space station residents are sent to the planet to determine whether it's habitable."
60,95,"Love, Death & Robots","4,588",81,57,YES,s884,TV Show,,"Topher Grace, Mary Elizabeth Winstead, Gary Cole, Samira Wiley, Daisuke Tsuji, Maurice LaMarche, Rebecca Riedy, Helen Sadler, Hayley McLaughlin, Time Winters, Elly Condron, Stefan Kapicic, Bruce Thomas, Jeff Berg, Aaron Himelstein, Carlos Alazraqui, Jill Talley, Brian Bloom, Chris Cox, Michael Benyaer, Fred Tatasciore, Scott Whyte, Josh Brener, Gary Anthony Williams, Chris Parnell, Graham Hamilton, Adam Bartley, Kevin Michael Richardson, Emma Thornett, Henry Douthwaite, Madeleine Knight, Rebecca Banatvala, Kirk Thornton, Yuri Lowenthal, Elaine Tan, Matthew Yang King, Gwendoline Yeo, Neil Kaplan, G.K. Bowes, Courtenay Taylor",United States,"May 14, 2021",2021,Adults,2 Seasons,"TV Action & Adventure, TV Horror, TV Sci-Fi & Fantasy","Terrifying creatures, wicked surprises and dark comedy converge in this NSFW anthology of animated stories presented by Tim Miller and David Fincher."
61,96,Tribes of Europa,"4,546",80,24,YES,s1295,TV Show,,"Henriette Confurius, Emilio Sakraya, David Ali Rashed, Oliver Masucci, Melika Foroutan, Ana Ularu, Robert Finster",Germany,"February 19, 2021",2021,Adults,1 Season,"International TV Shows, TV Action & Adventure, TV Dramas","In post-apocalyptic Europe, amid wars among microstates, three siblings fight for survival as a greater threat looms over the continent."
62,97,The Uncanny Counter,"4,300",21,82,No,s1635,TV Show,,"Cho Byeong-kyu, Yu Jun-sang, Kim Se-jeong, Yeom Hye-ran, Ahn Seok-hwan, Moon Sook, Choi Yoon-young, Lee Hong-nae",South Korea,"November 29, 2020",2020,Teens,1 Season,"International TV Shows, TV Action & Adventure, TV Dramas","Noodle shop employees by day and demon hunters by night, the Counters use special abilities to chase down malevolent spirits that prey on humans."
63,99,Attack on Titan,"3,997",11,141,No,s779,TV Show,,"Yuki Kaji, Yui Ishikawa, Marina Inoue, Kisho Taniyama, Yu Shimamura, Yu Kobayashi, Shiori Mikami, Hiro Shimono, Ryota Osaka, Yoshimasa Hosoya, Tomohisa Hashizume, Saki Fujita, Hiroshi Kamiya, Daisuke Ono, Romi Park, Keiji Fujiwara, Kazuhiro Yamaji, Yusaku Yara, Takehito Koyasu",Japan,"June 2, 2021",2013,Adults,1 Season,"Anime Series, International TV Shows","With his hometown in ruins, young Eren Yeager becomes determined to fight back against the giant Titans that threaten to destroy the human race."
64,100,Selling Sunset,"3,919",58,29,YES,s2153,TV Show,,,,"August 7, 2020",2020,Adults,3 Seasons,Reality TV,The elite real estate brokers at The Oppenheim Group sell the luxe life to affluent buyers in LA. The drama ramps up when a new agent joins the team.
65,101,Age of Samurai: Battle for Japan,"3,850",81,16,YES,s1273,TV Show,,"Masayoshi Haneda, Masami Kosaka, Hideaki Ito, Hayate, Wilfred Lee, Philippe Koo",United States,"February 24, 2021",2021,Adults,1 Season,"Docuseries, International TV Shows",Dynamic reenactments and expert commentaries bring to life the tumultuous history and power struggles of a warring 16th-century feudal Japan.
66,102,Atypical,"3,813",71,25,YES,s478,TV Show,,"Jennifer Jason Leigh, Keir Gilchrist, Michael Rapaport, Brigette Lundy-Paine, Amy Okuda, Jenna Boyd, Graham Rogers, Nik Dodani",United States,"July 9, 2021",2021,Teens,4 Seasons,"TV Comedies, TV Dramas, Teen TV Shows","When a teen on the autism spectrum decides to get a girlfriend, his bid for more independence puts his whole family on a path of self-discovery."
67,103,Mine,"3,732",26,94,No,s903,TV Show,,"Lee Bo-young, Kim Seo-hyung, Lee Hyun-wook, Ok Ja-yeon, Cha Hak-yeon, Jeong E-suh, Park Hyuk-kwon, Park Won-sook",South Korea,"May 9, 2021",2021,Teens,1 Season,"International TV Shows, TV Dramas","Encaged in a gold-clad life of secrets and lies, two women in a conglomerate family seek to topple all that stands in their way of finding true joy."
68,104,Record of Ragnarok,"3,707",76,25,YES,s701,TV Show,,"Miyuki Sawashiro, Tomoyo Kurosawa, Tomokazu Seki, Soma Saito, Kazuhiro Yamaji, Hikaru Midorikawa, Wataru Takagi, Takahiro Sakurai, Junichi Suwabe, Yukihiro Nozuyama, Hinata Tadokoro, Taisuke Nakano, Tomohiro Yamaguchi, Tatsuhisa Suzuki, Rie Tanaka, Yoshitsugu Matsuoka, Sho Hayami",,"June 17, 2021",2021,Adults,1 Season,"Anime Series, International TV Shows","Before eradicating humankind from the world, the gods give them one last chance to prove themselves worthy of survival. Let the Ragnarok battles begin."
69,106,Law School,"3,532",16,74,YES,s1063,TV Show,,"Kim Myung-min, Kim Beom, Ryu Hye-young, Lee Jung-eun, Park Hyuk-kwon, An Nae-sang, Chung Won-joong, Lee Su-kyoung, Lee David, Go Youn-jung, Hyunwoo",South Korea,"April 14, 2021",2021,Teens,1 Season,"Crime TV Shows, International TV Shows, TV Dramas","When a grim incident occurs at their prestigious school, justice through law is put to a test by a tough law professor and his ambitious students."
70,109,The Seven Deadly Sins,"3,451",69,109,YES,s632,TV Show,,"Yuki Kaji, Sora Amamiya, Misaki Kuno, Aoi Yuki, Tatsuhisa Suzuki, Jun Fukuyama, Mamoru Miyano, Maaya Sakamoto",Japan,"June 28, 2021",2021,Teens,5 Seasons,"Anime Series, International TV Shows","When a kingdom is taken over by tyrants, the deposed princess begins a quest to find a disbanded group of evil knights to help take back her realm."
71,110,Katla,"3,448",66,47,YES,s700,TV Show,,"Guðrún Eyfjörð, Íris Tanja Flygenring, Aliette Opheim, Ingvar Sigurðsson, Þorsteinn Bachmann, Sólveig Arnarsdóttir, Björn Thors",Iceland,"June 17, 2021",2021,Adults,1 Season,"International TV Shows, TV Dramas, TV Mysteries",The catastrophic eruption of subglacial volcano Katla turns a nearby community’s world upside down as mysteries begin to emerge from the ice.
72,111,Disenchantment,"3,383",64,28,YES,s1403,TV Show,,"Abbi Jacobson, Eric André, Nat Faxon, John DiMaggio, Tress MacNeille, Matt Berry, David Herman, Maurice LaMarche, Lucy Montgomery, Billy West",United States,"January 15, 2021",2021,Teens,3 Seasons,"TV Action & Adventure, TV Comedies, TV Sci-Fi & Fantasy","Princess duties call, but she'd rather be drinking. Free-spirited Bean exasperates the king as she wreaks havoc with her demon and elf pals."
73,112,Resurrection: Ertugrul,"3,187",8,311,No,s22,TV Show,,"Engin Altan Düzyatan, Serdar Gökhan, Hülya Darcan, Kaan Taşaner, Esra Bilgiç, Osman Soykut, Serdar Deniz, Cengiz Coşkun, Reshad Strik, Hande Subaşı",Turkey,"September 22, 2021",2018,Teens,5 Seasons,"International TV Shows, TV Action & Adventure, TV Dramas","When a good deed unwittingly endangers his clan, a 13th-century Turkish warrior agrees to fight a sultan's enemies in exchange for new tribal land."
74,115,Miraculous: Tales of Ladybug & Cat Noir,"2,961",38,144,No,s2963,TV Show,Thomas Astruc,"Cristina Vee, Bryce Papenbrook, Keith Silverstein, Mela Lee, Max Mittelman, Carrie Keranen, Stephanie Sheh, André Gordon, Matthew Mercer, Christopher Corey Smith, Philece Sampler, Selah Victor, Marieve Herington, Ben Diskin, Kira Buckland, Erin Fitzgerald, Grant George, Ethan Murray, David Roach, Todd Haberkorn","France, South Korea, Japan, United States","February 1, 2020",2019,Older Kids,5 Seasons,"Kids' TV, TV Action & Adventure","When Paris is in peril, Marinette becomes Ladybug. Little does she know, her school crush Adrien is actually Cat Noir, another city-saving superhero."
75,116,Bling Empire,"2,955",53,36,YES,s1401,TV Show,,,United States,"January 15, 2021",2021,Adults,1 Season,Reality TV,"Follow LA's wildly wealthy Asian and Asian American fun seekers as they go all out with fabulous parties, glamour and drama in this reality series."
76,117,Valeria,"2,953",43,45,YES,s277,TV Show,Inma Torrente,"Diana Gómez, Silma López, Paula Malia, Teresa Riott, Maxi Iglesias, Ibrahim Al Shami",Spain,"August 13, 2021",2021,Adults,2 Seasons,"International TV Shows, Romantic TV Shows, Spanish-Language TV Shows","A writer in creative and marital crises finds support from three friends, who are also discovering themselves. Based on the novels by Elísabet Benavent."
77,118,Control Z,"2,948",35,30,YES,s312,TV Show,,"Ana Valeria Becerril, Michael Ronda, Yankel Stevan, Zion Moreno, Luis Curiel, Samantha Acuña, Macarena García, Fiona Palomo, Andrés Baida, Patricio Gallardo, Iván Aragón, Xabiani Ponce de León, Patricia Maqueo, Rodrigo Cachero, Rocío Verdejo, Mauro Sánchez Navarro, Lidia San José, Thanya López, Renata del Castillo, Arturo Barba, Kariam Castro, Ariana Saavedra, Alexander Holtmann, Nastassia Villasana, Marco Zunino",Mexico,"August 4, 2021",2021,Adults,2 Seasons,"International TV Shows, Spanish-Language TV Shows, TV Dramas","When a hacker begins releasing students' secrets to the entire high school, the socially isolated but observant Sofía works to uncover his/her identity."
78,120,How to Become a Tyrant,"2,866",55,44,YES,s483,TV Show,,Peter Dinklage,,"July 9, 2021",2021,Adults,1 Season,Docuseries,"Ruling with an iron fist requires an aspiring dictator to know the playbook for absolute power, as history's despots prove in this sardonic docuseries."
79,121,S.W.A.T.,"2,814",15,63,No,s7913,Movie,Clark Johnson,"Samuel L. Jackson, Colin Farrell, Michelle Rodriguez, LL Cool J, Josh Charles, Jeremy Renner, Brian Van Holt, Olivier Martinez, Reg E. Cathey, Larry Poindexter, Page Kennedy, Domenick Lombardozzi, James DuMont",United States,"January 1, 2021",2003,Teens,117 min,Action & Adventure,"A veteran cop is tasked with drafting and training a special weapons and tactics team, who soon find themselves up against an international criminal."
80,122,Top Secret UFO Projects: Declassified,"2,779",66,23,YES,s321,TV Show,,,,"August 3, 2021",2021,Older Kids,1 Season,Docuseries,"Though claims of extraterrestrial encounters have long been dismissed, many believe the existence of UFOs is not just likely, but a certainty."
81,123,The Chair,"2,759",61,19,YES,s249,TV Show,,"Sandra Oh, Jay Duplass, Holland Taylor, David Morse, Bob Balaban, Nana Mensah, Everly Carganilla",,"August 20, 2021",2021,Adults,1 Season,"TV Comedies, TV Dramas","At a major university, the first woman of color to become chair tries to meet the dizzying demands and high expectations of a failing English department."
82,126,The Walking Dead,"2,624",49,97,No,s391,TV Show,,"Andrew Lincoln, Steven Yeun, Norman Reedus, Chandler Riggs, Melissa McBride, Lauren Cohan, Danai Gurira, Alanna Masterson, Sonequa Martin-Green, Josh McDermitt, Christian Serratos, Seth Gilliam, Ross Marquand, Lennie James, Emily Kinney, Jon Bernthal",United States,"July 26, 2021",2019,Adults,10 Seasons,"Classic & Cult TV, TV Action & Adventure, TV Dramas","In the wake of a zombie apocalypse, survivors hold on to the hope of humanity by banding together to wage a fight for their own survival."
83,127,Spycraft,"2,580",52,21,YES,s1395,TV Show,,,United States,"January 20, 2021",2021,Adults,1 Season,"Docuseries, Science & Nature TV","The spy game is a serious business, and throughout history, the tools and technologies developed for it have mattered as much as the spies themselves."
84,128,Too Hot to Handle: Brazil,"2,571",42,33,YES,s432,TV Show,,Bruna Louise,,"July 21, 2021",2021,Adults,1 Season,"International TV Shows, Reality TV, Romantic TV Shows","Sizzling hot young Brazilians meet at a dreamy beach resort. But for a shot at R$500,000 in this fun reality show, they'll have to give up sex."
85,131,The Lost Pirate Kingdom,"2,432",73,14,YES,s1206,TV Show,,"James Oliver Wheatley, Sam Callis, Thomas Padley, Evan Milton, Samuel Collings, Miles Yekinni, Jack Waldouck, Mia Tomlinson, Kevin Howarth, Mark Gillis, George Watkins, Derek Jacobi","United States, United Kingdom","March 15, 2021",2021,Adults,1 Season,"Docuseries, Science & Nature TV, TV Action & Adventure",The real-life pirates of the Caribbean violently plunder the world's riches and form a surprisingly egalitarian republic in this documentary series.
86,133,Run On,"2,359",32,73,No,s1529,TV Show,,"Yim Si-wan, Shin Sae-kyeong, Choi Soo-young, Kang Tae-oh, Park Yeong-gyu, Cha Hwa-yeon, Lee Bong-ryeon, Ryu Abell, Seo Jae-hee, Yeon Je-wook, Choi Jae-hyun, Lee Jeong-ha, Park Sung-jun, Lee Hwang-eui, Lee Shin-ki, Kim Dong-yeong, Kim Si-eun, Kim Si-young",South Korea,"December 17, 2020",2020,Adults,1 Season,"International TV Shows, Romantic TV Shows, TV Comedies","Veering off course from his preset path, a track star follows his own pace and heart for the first time after a film translator steps into his life."
87,134,Go Dog Go,"2,297",48,29,YES,s1381,TV Show,,"Michela Luci, Callum Shoniker, Lyon Smith, Tajja Isen, Anand Rajaram, David Berni, Linda Ballantyne, Joshua Graham, Patrick McKenna, Judy Marshak, Martin Roach, Katie Griffin","United States, United Kingdom","January 26, 2021",2021,Kids,1 Season,Kids' TV,"Handy and inventive pup Tag chases adventure with her best pal, Scooch, solving problems and helping the citizens of Pawston along the way."
88,135,Selena: The Series,"2,238",20,41,YES,s921,TV Show,,"Christian Serratos, Gabriel Chavarria, Ricardo Chavira, Noemi Gonzalez, Seidy Lopez, Hunter Reese Peña, Julio Macias, Carlos Alfredo Jr., Jesse Posey, Madison Taylor Baez, Juan Martinez, Daniela Estrada, Paul Rodriguez Jr.","Mexico, United States","May 4, 2021",2020,Older Kids,2 Seasons,TV Dramas,Iconic Mexican-American performer Selena rises to fame as she and her family make sacrifices in order to achieve their lifelong dreams.
89,136,Elite Short Stories: Carla Samuel,"2,229",53,14,YES,s698,TV Show,,"Ester Expósito, Itzan Escamilla",,"June 17, 2021",2021,Adults,1 Season,"International TV Shows, Romantic TV Shows, Spanish-Language TV Shows","Samuel attempts a big, romantic gesture at the airport in order to persuade Carla not to board her flight to London."
90,137,Girl from Nowhere,"2,220",13,63,YES,s517,TV Show,,"Chicha Amatayakul, Thanawetch Siriwattanakul, Pajaree Nantarat, Thitinan Khlangphet, Chonnikan Netjui, Nutthasit Kotimanuswanich, Tatchapol Thitiapichai, Chanicha Boonpanuvichit, Morakot Liu, Ekawat Niratvorapanya, Anuchit Sapanpong, Awat Ratanapintha, Claudia Chakrapan, Piyathida Woramusik, Apasiri Kittithanon, Kunchanuj Kengkarnka, Nutnicha Lueanganankhun",Thailand,"July 6, 2021",2021,Adults,2 Seasons,"International TV Shows, TV Dramas, TV Mysteries","A mysterious, clever girl named Nanno transfers to different schools, exposing the lies and misdeeds of the students and faculty at every turn."
91,138,Tiny Pretty Things,"2,196",57,33,YES,s1553,TV Show,,"Lauren Holly, Kylie Jefferson, Casimere Jollette, Brennan Clost, Barton Cowperthwaite, Bayardo De Murguia, Damon J. Gillespie, Anna Maiche, Daniela Norman, Michael Hsu Rosen, Tory Trowbridge",United States,"December 14, 2020",2020,Adults,1 Season,"TV Dramas, TV Mysteries, TV Thrillers","When an attack brings down the star student at an elite ballet school, her replacement enters a world of lies, betrayal — and cutthroat competition."
92,139,Capitani,"2,120",49,64,YES,s1321,TV Show,,"Luc Schiltz, Sophie Mousel, Claude De Demo, Joe Dennenwald, Konstantin Rommelfangen, Jules Werner, Jil Devresse, Julie Kieffer",Luxembourg,"February 11, 2021",2019,Adults,1 Season,"Crime TV Shows, International TV Shows, TV Dramas","In a Luxembourg village where everyone is keeping secrets, gruff police inspector Luc Capitani investigates the suspicious death of a 15-year-old girl."
93,141,Love Alarm,"2,068",56,22,YES,s1211,TV Show,,"Kim So-hyun, Jung Ga-ram, Song Kang, Ko Min-si, Z. Hera, Shin Seung-ho, Lee Jae-eung, Song Sun-mi",South Korea,"March 12, 2021",2021,Adults,2 Seasons,"International TV Shows, Korean TV Shows, Romantic TV Shows","In a world where an app alerts people if someone in the vicinity likes them, Kim Jojo experiences young love while coping with personal adversities."
94,142,Halston,"2,015",47,18,YES,s880,TV Show,Daniel Minahan,"Ewan McGregor, Bill Pullman, Rebecca Dayan, David Pittu, Krysta Rodriguez, Rory Culkin, Vera Farmiga, Gian Franco Rodriguez, Sullivan Jones, Kelly Bishop, Dilone, James Waterston, Jason Kravits, Mary Beth Peil",United States,"May 14, 2021",2021,Adults,1 Season,TV Dramas,His name built an empire. His style defined an era. American fashion designer Halston skyrockets to fame before his life starts to spin out of control.
95,144,Castlevania,"1,957",67,20,YES,s891,TV Show,,"Richard Armitage, James Callis, Graham McTavish, Alejandra Reynoso, Tony Amendola, Matt Frewer, Emily Swallow",United States,"May 13, 2021",2021,Adults,4 Seasons,"Anime Series, TV Horror, TV Thrillers",A vampire hunter fights to save a besieged city from an army of otherworldly beasts controlled by Dracula himself. Inspired by the classic video games.
96,145,Workin' Moms,"1,924",47,18,YES,s545,TV Show,,"Catherine Reitman, Dani Kind, Juno Rinaldi, Jessalyn Wanlim, Philip Sternberg, Ryan Belleville, Olunike Adeliyi, Dennis Andres, Katherine Barrell, Sarah McVie, Peter Keleghan",Canada,"July 6, 2021",2021,Adults,5 Seasons,"International TV Shows, TV Comedies","Maternity leave is over and it's time for these four moms to return to work while navigating kids, bosses, love and life in modern-day Toronto."
97,147,Crash Landing on You,"1,891",9,180,YES,s3130,TV Show,,"Hyun Bin, Son Ye-jin, Seo Ji-hye, Kim Jung-hyun, Oh Man-seok, Kim Young-min, Kim Jung-nan, Kim Sun-young, Hwangwoo Seul-hye",South Korea,"December 15, 2019",2019,Teens,1 Season,"International TV Shows, Korean TV Shows, Romantic TV Shows","A paragliding mishap drops a South Korean heiress in North Korea – and into the life of an army officer, who decides he will help her hide."
98,148,Fatma,"1,680",44,47,YES,s973,TV Show,,"Burcu Biricik, Uğur Yücel, Mehmet Yılmaz Ak, Hazal Türesan, Gülçin Kültür Şahin, Olgun Toker, Çağdaş Onur Öztürk, Şehsuvar Aktaş, Deniz Şen Hamzaoğlu, Didem İnselel",Turkey,"April 27, 2021",2021,Adults,1 Season,"International TV Shows, TV Dramas, TV Thrillers","Reeling from tragedy, a nondescript house cleaner embarks on a murderous streak as she searches for her missing husband and reckons with old wounds."
99,150,Outlander,"1,642",22,104,No,s1378,TV Show,,"Caitriona Balfe, Sam Heughan, Tobias Menzies, Gary Lewis, Graham McTavish, Lotte Verbeek, Duncan Lacroix, Laura Donnelly, Bill Paterson, Stephen Walters, Grant O'Rourke, Simon Callow, Richard Rankin, Sophie Skelton, David Berry, Romann Berrux, Ed Speleers, Maria Doyle Kennedy, Tim Downie",United States,"January 27, 2021",2018,Adults,4 Seasons,"Romantic TV Shows, TV Action & Adventure, TV Dramas",This epic tale adapted from Diana Gabaldon's popular series of fantasy-romance novels focuses on the drama of two time-crossed lovers.
100,152,Zero Chill,"1,631",49,20,YES,s1207,TV Show,,"Grace Beedie, Dakota Benjamin Taylor, Jade Ma, Jeremias Amoore, Leonardo Fontes, Anastasia Chocholatá, Sarah-Jane Potts, Doug Rao, Tanja Ribič, Oscar Skagerberg, Jerry Kwarteng",United Kingdom,"March 15, 2021",2021,Kids,1 Season,"British TV Shows, Kids' TV, TV Dramas","Talented teen figure skater Kayla is forced to leave everything behind when her family follows her twin brother, Mac, to a prestigious hockey academy."
